id,name,email,user_type,department,college,graduating_year,is_verified,subscription_plan
S9QcpqM7R5Vkdcx7apBYiJhr9XJ2,SWYNX.,swynx.dev@gmail.com,admin,,IGIT,2000,true,premium_pro
06Uz6oZmy3RocpSZPFmKZMOkPxs1,Swayanshu CSE-76,temporaryshibu@gmail.com,alumni,,IGIT,2021,false,free
Zyqn6GNwoVautj1Aj2qlVYc4n9C2,Omm Prasad,morahack90@gmail.com,student,,IGIT,2028,false,free
ipHkwq13fXVWw0tsF7xIb78fP9t2,Amar Pratik. Roll-27,amarpratik0@gmail.com,student,,IGIT,2028,false,free
ep5Eisqcq5M6oS3eGSjLfgtKyfm2,Omkar Padhee,omkarpadheetheboss@gmail.com,student,,IGIT,2028,false,free
iaR8DOZ833OqMNk9gm2wsj6sb9r2,Sarita Sadangi,sarita.sbiko@gmail.com,alumni,,IGIT,2011,false,free
9lAXTPJ72Ycq2B08Jmv9dVomUnC3,Thung thung,nathommprasad@gmail.com,student,,IGIT,2028,false,free
CdsJwhI2tdTELerI1HNUeanXSuw1,Debaswini Parida,debaswiniparida9@gmail.com,alumni,,IGIT,2022,false,free
gNODg6Ty4pTb80dXMfUEUzbpHF92,Swayanshu,swayanshu19@gmail.com,student,,IGIT,2028,true,premium_lite
